./.next/types/package.json,missing_required_tags
./.next/react-loadable-manifest.json,missing_required_tags
./.next/build-manifest.json,missing_required_tags
./.next/server/pages-manifest.json,missing_required_tags
./.next/server/middleware-manifest.json,missing_required_tags
./.next/server/app-paths-manifest.json,missing_required_tags
./.next/server/server-reference-manifest.json,missing_required_tags
./.next/server/next-font-manifest.json,missing_required_tags
./.next/app-build-manifest.json,missing_required_tags
./DEPLOY_NOW.md,missing_required_tags
./audit_backups/pages-manifest.json,missing_required_tags
./audit_backups/vercel.json,missing_required_tags
./audit_backups/middleware-manifest.json,missing_required_tags
./audit_backups/react-loadable-manifest.json,missing_required_tags
./audit_backups/next-devtools-config.json,missing_required_tags
./audit_backups/build-manifest.json,missing_required_tags
./audit_backups/DEPLOY_NOW.md,missing_required_tags
./audit_backups/package-lock.json,missing_required_tags
./audit_backups/package.json,missing_required_tags
./audit_backups/app-paths-manifest.json,missing_required_tags
./audit_backups/prerender-manifest.json,missing_required_tags
./audit_backups/routes-manifest.json,missing_required_tags
./audit_backups/tsconfig.json,missing_required_tags
./audit_backups/app-build-manifest.json,missing_required_tags
./audit_backups/server-reference-manifest.json,missing_required_tags
./audit_backups/next-font-manifest.json,missing_required_tags
./audit_backups/.eslintrc.json,missing_required_tags
